alias jenny jenny@atlantalawfirm.net
alias owk bdonecker@lanecompany.com, jenny@atlantalawfirm.net, aedinger@mtgnow.com, dustyedinger@comcast.net
alias nico Nicolaas <nicolaas.matthijs@caret.cam.ac.uk>
alias carl Carl Hall <carl@hallwaytech.com>
alias clay Clay Fenlason <clay.fenlason@et.gatech.edu>
alias stephen Stephen Rehberg <stephen.rehberg@cetl.gatech.edu>
alias joe \"McKee, Joe\" <joe.mckee@oit.gatech.edu>, dbastaff@oit.gatech.edu
alias terry Terry Countryman <terry.countryman@oit.gatech.edu>
alias kevin \"Pittman,Kevin\" <kevin.pittman@oit.gatech.edu>
alias blake <blakedfreeman@gmail.com>
alias alan Alan Berg <qa.director.sakai@gmail.com>
alias josh Josh Freeman <josh.freeman@oit.gatech.edu>
alias clint \"Lyle Jr, Clinton M\" <clint.lyle@cetl.gatech.edu>
